lat,long,elevation,generated_temp
-37.657376710290336,145.83250322396313,662.1207108691407,14.695869622424008
-37.657376710290336,146.11547253846078,894.7401068652343,13.178484525825159
-37.657376710290336,146.40293342937903,847.891957998047,13.487633841334578
-37.657376710290336,146.6903943202973,567.2295136621094,15.301900455205182
-37.657376710290336,146.9778552112155,476.7092206923828,15.911353996411822
-37.657376710290336,147.26531610213377,294.47357379882817,17.081685296098385
-37.657376710290336,147.55277699305202,261.795660390625,17.303973528289518
-37.657376710290336,147.84023788397025,187.83301933427737,17.770077165760547
-37.657376710290336,148.1276987748885,159.78382327539063,17.963058954815242
-37.657376710290336,148.41515966580675,125.8470247404396,18.179152728441743
-37.657376710290336,148.70262055672498,176.3690623836943,17.861357949894312
-37.657376710290336,148.99008144764326,120.3436667129527,18.22736168592265
-37.657376710290336,149.2775423385615,115.45919315416934,18.24862967896536
-37.657376710290336,149.56500322947971,83.10427402852149,18.450070659966492
-37.657376710290336,149.852464120398,3.231179302060156,18.980760230546355
-37.657376710290336,150.13992501131622,0.0,18.999698246604517
-37.657376710290336,150.42738590223448,0.0,18.99685238648666
-37.657376710290336,150.71484679315273,0.0,18.99071645815541
-37.657376710290336,151.00230768407096,0.0,19.00292828532263
-37.657376710290336,151.28976857498924,0.0,18.98031042382635
-37.657376710290336,151.57722946590746,0.0,18.708687798139604
-37.657376710290336,151.8646903568257,0.0,18.918733708781172
-37.657376710290336,152.15215124774397,0.0,18.60636109441391
-37.657376710290336,152.4396121386622,0.0,19.441583044082638
-37.657376710290336,152.72707302958045,0.0,19.158198267607467
-37.37440739579269,145.83250322396313,660.3248737011719,14.709752492439733
-37.37440739579269,146.11547253846078,584.5391294921875,15.195102335073424
-37.37440739579269,146.40293342937903,884.304571875,13.2504811048968
-37.37440739579269,146.6903943202973,1115.9465782519533,11.740040113289508
-37.37440739579269,146.9778552112155,791.5278543847658,13.846990273996305
-37.37440739579269,147.26531610213377,684.7222709960937,14.554460849695305
-37.37440739579269,147.55277699305202,750.5000629101563,14.123691419961464
-37.37440739579269,147.84023788397025,514.3230345019531,15.650707601515254
-37.37440739579269,148.1276987748885,477.3513825449219,15.891537761971431
-37.37440739579269,148.41515966580675,446.44881293066413,16.097740653326674
-37.37440739579269,148.70262055672498,559.7338467285156,15.368041455300482
-37.37440739579269,148.99008144764326,586.2860709082031,15.201578084439962
-37.37440739579269,149.2775423385615,388.579760453125,16.4660519877918
-37.37440739579269,149.56500322947971,216.59502162724607,17.58857158122079
-37.37440739579269,149.852464120398,111.9981442227666,18.261067369379937
-37.37440739579269,150.13992501131622,0.6479848042158204,18.989140395385668
-37.37440739579269,150.42738590223448,0.0,18.987961054266684
-37.37440739579269,150.71484679315273,0.0,18.994056656986544
-37.37440739579269,151.00230768407096,0.0,18.999196739439018
-37.37440739579269,151.28976857498924,0.0,19.104961906549686
-37.37440739579269,151.57722946590746,0.0,18.683611173629977
-37.37440739579269,151.8646903568257,0.0,19.11585358243155
-37.37440739579269,152.15215124774397,0.0,19.129892172889917
-37.37440739579269,152.4396121386622,0.0,19.277821132943735
-37.37440739579269,152.72707302958045,0.0,19.065955430622203
-37.08694650487445,145.83250322396313,390.53003502929687,16.457544821467273
-37.08694650487445,146.11547253846078,422.5734152539062,16.259308051431166
-37.08694650487445,146.40293342937903,882.2253716210938,13.267540721774143
-37.08694650487445,146.6903943202973,906.6307551757812,13.109401098063408
-37.08694650487445,146.9778552112155,1023.1072490429688,12.350999343927402
-37.08694650487445,147.26531610213377,1250.8993157128907,10.867649014594752
-37.08694650487445,147.55277699305202,883.9393691601563,13.255785064618564
-37.08694650487445,147.84023788397025,908.6991886816406,13.090900709034655
-37.08694650487445,148.1276987748885,1032.4838269042968,12.28850837539423
-37.08694650487445,148.41515966580675,604.3340764257813,15.058892325601125
-37.08694650487445,148.70262055672498,837.4142779492188,13.559294862386128
-37.08694650487445,148.99008144764326,838.7171392773437,13.549862474244632
-37.08694650487445,149.2775423385615,731.9375987695312,14.237681566001477
-37.08694650487445,149.56500322947971,402.0625850361328,16.393357157982983
-37.08694650487445,149.852464120398,132.38288649072442,18.137209931934375
-37.08694650487445,150.13992501131622,0.3872278623408204,18.99612090881748
-37.08694650487445,150.42738590223448,0.0,18.99769926925682
-37.08694650487445,150.71484679315273,0.0,19.000656505231227
-37.08694650487445,151.00230768407096,0.0,18.99867811227183
-37.08694650487445,151.28976857498924,0.0,19.064636859102045
-37.08694650487445,151.57722946590746,0.0,18.606062429988302
-37.08694650487445,151.8646903568257,0.0,19.02328521256444
-37.08694650487445,152.15215124774397,0.0,18.70438199744187
-37.08694650487445,152.4396121386622,0.0,18.66098562162798
-37.08694650487445,152.72707302958045,0.0,19.105199640044123
-36.79948561395619,145.83250322396313,478.40506438476564,15.896500263752966
-36.79948561395619,146.11547253846078,454.4790204003906,16.048674340239685
-36.79948561395619,146.40293342937903,505.62155050781246,15.71674456049484
-36.79948561395619,146.6903943202973,674.3739805859375,14.620025819687442
-36.79948561395619,146.9778552112155,673.10341125,14.634896832297915
-36.79948561395619,147.26531610213377,1165.1164244042968,11.423391622110294
-36.79948561395619,147.55277699305202,876.7155629785155,13.302926109610237
-36.79948561395619,147.84023788397025,1006.6908452832031,12.452441828746863
-36.79948561395619,148.1276987748885,1233.289318232422,10.982277166325186
-36.79948561395619,148.41515966580675,779.7182176757813,13.933135980892217
-36.79948561395619,148.70262055672498,743.7516215527344,14.173906898502333
-36.79948561395619,148.99008144764326,781.8149123144531,13.93169676136191
-36.79948561395619,149.2775423385615,832.7940934179688,13.586771063156437
-36.79948561395619,149.56500322947971,477.026845890625,15.90204807949917
-36.79948561395619,149.852464120398,97.57658979359668,18.36519921419746
-36.79948561395619,150.13992501131622,0.00039859767578125,18.99707200578336
-36.79948561395619,150.42738590223448,0.0,18.993921705612046
-36.79948561395619,150.71484679315273,0.0,19.01653730659702
-36.79948561395619,151.00230768407096,0.0,18.99427509134306
-36.79948561395619,151.28976857498924,0.0,19.237823774648177
-36.79948561395619,151.57722946590746,0.0,18.91341412945862
-36.79948561395619,151.8646903568257,0.0,18.736164065347932
-36.79948561395619,152.15215124774397,0.0,19.197078548709282
-36.79948561395619,152.4396121386622,0.0,19.37792257640558
-36.79948561395619,152.72707302958045,0.0,18.617197841194265
-36.51202472303795,145.83250322396313,170.1225719433594,17.89419359270549
-36.51202472303795,146.11547253846078,207.67140929687503,17.650389702436367
-36.51202472303795,146.40293342937903,195.29072389648437,17.730113453364794
-36.51202472303795,146.6903943202973,401.70772793945315,16.383963378886357
-36.51202472303795,146.9778552112155,505.8707862988282,15.709108866564673
-36.51202472303795,147.26531610213377,569.5328575292968,15.294741627750644
-36.51202472303795,147.55277699305202,687.0463858105468,14.527790166452341
-36.51202472303795,147.84023788397025,980.61831171875,12.631492640240968
-36.51202472303795,148.1276987748885,1033.6259081835938,12.273918551899069
-36.51202472303795,148.41515966580675,1418.6184825683595,9.784724967656725
-36.51202472303795,148.70262055672498,962.5436837988282,12.74682809982901
-36.51202472303795,148.99008144764326,900.184423515625,13.153340467621536
-36.51202472303795,149.2775423385615,1034.2747512597657,12.277316059629975
-36.51202472303795,149.56500322947971,651.7788984472656,14.767166255932167
-36.51202472303795,149.852464120398,185.77635078515624,17.799287414247303
-36.51202472303795,150.13992501131622,6.826853661524121,18.951004715576193
-36.51202472303795,150.42738590223448,0.0,18.999099263858522
-36.51202472303795,150.71484679315273,0.0,19.001650833342502
-36.51202472303795,151.00230768407096,0.0,19.003999975920113
-36.51202472303795,151.28976857498924,0.0,19.158398076705122
-36.51202472303795,151.57722946590746,0.0,19.080990687293784
-36.51202472303795,151.8646903568257,0.0,18.95169768778933
-36.51202472303795,152.15215124774397,0.0,19.08359446756314
-36.51202472303795,152.4396121386622,0.0,18.787013128914005
-36.51202472303795,152.72707302958045,0.0,18.746466036663104
-36.2245638321197,145.83250322396313,136.56786759179687,18.11353924412291
-36.2245638321197,146.11547253846078,178.66998246093752,17.844482589240627
-36.2245638321197,146.40293342937903,179.0983369042969,17.836136569141292
-36.2245638321197,146.6903943202973,345.24326892578125,16.749417584563247
-36.2245638321197,146.9778552112155,278.876261953125,17.193069828799658
-36.2245638321197,147.26531610213377,403.2224149707031,16.377375030025867
-36.2245638321197,147.55277699305202,671.5703428222656,14.636896895566071
-36.2245638321197,147.84023788397025,530.1790591796876,15.551549167079628
-36.2245638321197,148.1276987748885,713.7846414746094,14.362530951099446
-36.2245638321197,148.41515966580675,1570.4010564453124,8.777958836524835
-36.2245638321197,148.70262055672498,1153.3399561816404,11.501884178042499
-36.2245638321197,148.99008144764326,979.7739903027343,12.630770081051798
-36.2245638321197,149.2775423385615,883.0494909960937,13.266691549260365
-36.2245638321197,149.56500322947971,769.3990681503907,13.998230029683
-36.2245638321197,149.852464120398,209.1861702158203,17.629487520902636
-36.2245638321197,150.13992501131622,34.681743053066896,18.767091338168974
-36.2245638321197,150.42738590223448,0.0,18.999999480913736
-36.2245638321197,150.71484679315273,0.0,19.005873997733516
-36.2245638321197,151.00230768407096,0.0,19.00261786949771
-36.2245638321197,151.28976857498924,0.0,18.777077343289363
-36.2245638321197,151.57722946590746,0.0,19.153260367479632
-36.2245638321197,151.8646903568257,0.0,18.713164916085642
-36.2245638321197,152.15215124774397,0.0,19.10301497172542
-36.2245638321197,152.4396121386622,0.0,18.814485331778812
-36.2245638321197,152.72707302958045,0.0,18.926351913291104
-35.93710294120146,145.83250322396313,123.61559452148438,18.189805035521236
-35.93710294120146,146.11547253846078,130.1720199472656,18.15927750898423
-35.93710294120146,146.40293342937903,142.68146007812499,18.071426546384274
-35.93710294120146,146.6903943202973,193.10597513671877,17.746158685229013
-35.93710294120146,146.9778552112155,262.16604286132815,17.29386917780303
-35.93710294120146,147.26531610213377,366.9701983203125,16.61280024420479
-35.93710294120146,147.55277699305202,471.77233855468745,15.930318824799949
-35.93710294120146,147.84023788397025,510.3044879003906,15.68835099580491
-35.93710294120146,148.1276987748885,681.6674263964843,14.564126673280517
-35.93710294120146,148.41515966580675,1317.77396234375,10.428425281471998
-35.93710294120146,148.70262055672498,1244.6572789257812,10.904673688123285
-35.93710294120146,148.99008144764326,1114.6501959570312,11.74672164258425
-35.93710294120146,149.2775423385615,946.0672067089844,12.849770652863658
-35.93710294120146,149.56500322947971,970.4598964257813,12.68959107884712
-35.93710294120146,149.852464120398,391.3844886289062,16.455400991545652
-35.93710294120146,150.13992501131622,31.359273815778906,18.79900177994861
-35.93710294120146,150.42738590223448,0.0,18.995675187150837
-35.93710294120146,150.71484679315273,0.0,19.01065067898007
-35.93710294120146,151.00230768407096,0.0,18.99290853103521
-35.93710294120146,151.28976857498924,0.0,19.120674462407788
-35.93710294120146,151.57722946590746,0.0,18.74738913644401
-35.93710294120146,151.8646903568257,0.0,18.797716046615314
-35.93710294120146,152.15215124774397,0.0,19.094625795593156
-35.93710294120146,152.4396121386622,0.0,19.087602634977333
-35.93710294120146,152.72707302958045,0.0,18.905521944508433
-35.649642050283205,145.83250322396313,119.62024720410156,18.22039027014684
-35.649642050283205,146.11547253846078,125.95844296777344,18.192637519416305
-35.649642050283205,146.40293342937903,142.94150342773435,18.07146879222733
-35.649642050283205,146.6903943202973,187.82138063476563,17.76825757396626
-35.649642050283205,146.9778552112155,237.991856953125,17.43816527732584
-35.649642050283205,147.26531610213377,306.41343356445316,17.017850272255167
-35.649642050283205,147.55277699305202,418.39895974609374,16.281785239318822
-35.649642050283205,147.84023788397025,529.1593934570312,15.557168443241562
-35.649642050283205,148.1276987748885,927.0381212792969,12.975562693885088
-35.649642050283205,148.41515966580675,1066.0700989453126,12.063724689982546
-35.649642050283205,148.70262055672498,1332.4636795898439,10.333462179816241
-35.649642050283205,148.99008144764326,1079.9454191015625,11.986016700226967
-35.649642050283205,149.2775423385615,939.5232122460936,12.894391178417777
-35.649642050283205,149.56500322947971,896.880751591797,13.169651797006702
-35.649642050283205,149.852464120398,479.8598447294921,15.874175250925559
-35.649642050283205,150.13992501131622,99.804513263287,18.35150026931107
-35.649642050283205,150.42738590223448,9.585452234284181,18.936467680379238
-35.649642050283205,150.71484679315273,0.0,19.00113953314314
-35.649642050283205,151.00230768407096,0.0,19.002433516511847
-35.649642050283205,151.28976857498924,0.0,18.86465011072213
-35.649642050283205,151.57722946590746,0.0,19.123385238757564
-35.649642050283205,151.8646903568257,0.0,19.10845074772946
-35.649642050283205,152.15215124774397,0.0,18.99531674496798
-35.649642050283205,152.4396121386622,0.0,18.863230975068575
-35.649642050283205,152.72707302958045,0.0,18.940101638729264
-35.362181159364965,145.83250322396313,111.57589147753907,18.296293369929337
-35.362181159364965,146.11547253846078,117.26923930957031,18.21955518227829
-35.362181159364965,146.40293342937903,130.84856707910154,18.14035254277049
-35.362181159364965,146.6903943202973,175.62494013671875,17.855502683655473
-35.362181159364965,146.9778552112155,218.2308870507813,17.572103110771444
-35.362181159364965,147.26531610213377,303.5244888378906,17.022970246669217
-35.362181159364965,147.55277699305202,332.79371877929685,16.833573849672625
-35.362181159364965,147.84023788397025,390.26745519531255,16.461694120473524
-35.362181159364965,148.1276987748885,479.23124866210935,15.871819223678251
-35.362181159364965,148.41515966580675,801.2418745800782,13.787142410545858
-35.362181159364965,148.70262055672498,1003.7496840917968,12.48624848340162
-35.362181159364965,148.99008144764326,699.7300006933594,14.463206191707387
-35.362181159364965,149.2775423385615,747.2749990625,14.139358459485802
-35.362181159364965,149.56500322947971,819.2267709863281,13.673859040873067
-35.362181159364965,149.852464120398,651.7496604003907,14.763059032780383
-35.362181159364965,150.13992501131622,379.8013291103515,16.524852420695797
-35.362181159364965,150.42738590223448,78.86949383174854,18.489645359343797
-35.362181159364965,150.71484679315273,0.0,18.995698611728677
-35.362181159364965,151.00230768407096,0.0,19.00374981389552
-35.362181159364965,151.28976857498924,0.0,19.316924732813412
-35.362181159364965,151.57722946590746,0.0,18.952053656725354
-35.362181159364965,151.8646903568257,0.0,18.7060069512507
-35.362181159364965,152.15215124774397,0.0,19.07518300353129
-35.362181159364965,152.4396121386622,0.0,18.949803097338638
-35.362181159364965,152.72707302958045,0.0,18.9254154322964
-35.074720268446725,145.83250322396313,114.89786317578125,18.253560308773906
-35.074720268446725,146.11547253846078,121.0764861171875,18.218059143343833
-35.074720268446725,146.40293342937903,134.21528206445313,18.119532759282865
-35.074720268446725,146.6903943202973,171.72386166015627,17.895750900452732
-35.074720268446725,146.9778552112155,177.167666171875,17.851810850769624
-35.074720268446725,147.26531610213377,216.82386569335938,17.602520588497374
-35.074720268446725,147.55277699305202,269.57188806640625,17.235152539432367
-35.074720268446725,147.84023788397025,298.25622470703127,17.066039251843513
-35.074720268446725,148.1276987748885,347.71585060546875,16.745467863843476
-35.074720268446725,148.41515966580675,596.3085013183594,15.118720498572804
-35.074720268446725,148.70262055672498,625.6254893945313,14.941281792097367
-35.074720268446725,148.99008144764326,586.2595721875,15.180696202361457
-35.074720268446725,149.2775423385615,680.2053738183595,14.583226350143573
-35.074720268446725,149.56500322947971,742.8090719628906,14.162442883654233
-35.074720268446725,149.852464120398,629.7849658886719,14.896971237619455
-35.074720268446725,150.13992501131622,621.6589676953125,14.965453844661326
-35.074720268446725,150.42738590223448,222.71661511419921,17.558166431998114
-35.074720268446725,150.71484679315273,14.64050811034785,18.915904661228513
-35.074720268446725,151.00230768407096,0.0,19.00295919058384
-35.074720268446725,151.28976857498924,0.0,18.98879829351267
-35.074720268446725,151.57722946590746,0.0,19.010109643847766
-35.074720268446725,151.8646903568257,0.0,18.98375577798836
-35.074720268446725,152.15215124774397,0.0,18.95644488263188
-35.074720268446725,152.4396121386622,0.0,19.201598030153587
-35.074720268446725,152.72707302958045,0.0,19.003417314419202
-34.78725937752847,145.83250322396313,118.12657071191407,18.24125231039455
-34.78725937752847,146.11547253846078,128.14758304589844,18.175350497241965
-34.78725937752847,146.40293342937903,145.51903199218748,18.0500299409927
-34.78725937752847,146.6903943202973,159.98181758789062,17.973727543833384
-34.78725937752847,146.9778552112155,184.36301208984375,17.812336602299716
-34.78725937752847,147.26531610213377,266.7251401953125,17.26641602596911
-34.78725937752847,147.55277699305202,309.501137734375,16.993464651644857
-34.78725937752847,147.84023788397025,366.45715348632814,16.60622029007964
-34.78725937752847,148.1276987748885,388.13331688476563,16.468900156679844
-34.78725937752847,148.41515966580675,400.2468623730469,16.416102146156014
-34.78725937752847,148.70262055672498,541.3167600585937,15.477729020765096
-34.78725937752847,148.99008144764326,600.1409109570312,15.094776880317344
-34.78725937752847,149.2775423385615,669.7750583886718,14.635915545838364
-34.78725937752847,149.56500322947971,716.3989010546875,14.33953652883988
-34.78725937752847,149.852464120398,672.3496996191407,14.623800648193662
-34.78725937752847,150.13992501131622,550.45238421875,15.427926277192201
-34.78725937752847,150.42738590223448,267.2707795566406,17.257639939542358
-34.78725937752847,150.71484679315273,129.9776797184922,18.14704684236925
-34.78725937752847,151.00230768407096,0.0,19.00437089915429
-34.78725937752847,151.28976857498924,0.0,18.991035733898144
-34.78725937752847,151.57722946590746,0.0,19.00126567655017
-34.78725937752847,151.8646903568257,0.0,19.009337886498905
-34.78725937752847,152.15215124774397,0.0,19.03546351567891
-34.78725937752847,152.4396121386622,0.0,19.27533499418112
-34.78725937752847,152.72707302958045,0.0,18.92049719070454
-34.49979848661023,145.83250322396313,118.32138747656249,18.234582069605036
-34.49979848661023,146.11547253846078,128.30856703515624,18.157625372896803
-34.49979848661023,146.40293342937903,154.26930940429688,18.000643212179483
-34.49979848661023,146.6903943202973,194.8645321875,17.74121478378564
-34.49979848661023,146.9778552112155,224.00663780273436,17.53813699994527
-34.49979848661023,147.26531610213377,289.91332431640626,17.12453852560039
-34.49979848661023,147.55277699305202,305.72110791015626,17.002113499565013
-34.49979848661023,147.84023788397025,333.87553290039057,16.827915659967623
-34.49979848661023,148.1276987748885,449.73391781249995,16.06992637567328
-34.49979848661023,148.41515966580675,473.9467225292969,15.909114062522608
-34.49979848661023,148.70262055672498,546.1230736425781,15.457253325479861
-34.49979848661023,148.99008144764326,597.307818935547,15.11829135109064
-34.49979848661023,149.2775423385615,765.5049643066407,14.023354350845523
-34.49979848661023,149.56500322947971,891.7108120898438,13.215901873604889
-34.49979848661023,149.852464120398,791.0430825390625,13.869085679619308
-34.49979848661023,150.13992501131622,631.4442277832031,14.898877323828263
-34.49979848661023,150.42738590223448,660.435151953125,14.699682436300112
-34.49979848661023,150.71484679315273,329.352101393596,16.850637009590965
-34.49979848661023,151.00230768407096,3.0843143729169924,18.98311430160622
-34.49979848661023,151.28976857498924,0.0,19.01513597490968
-34.49979848661023,151.57722946590746,0.0,19.002367921765583
-34.49979848661023,151.8646903568257,0.0,19.008021617518306
-34.49979848661023,152.15215124774397,0.0,19.0695139997549
-34.49979848661023,152.4396121386622,0.0,18.71576208416134
-34.49979848661023,152.72707302958045,0.0,18.96811520545962
-34.21233759569198,145.83250322396313,118.8018733642578,18.240485165740008
-34.21233759569198,146.11547253846078,148.8705204716797,18.02960347480149
-34.21233759569198,146.40293342937903,159.69035446289064,17.96617187675406
-34.21233759569198,146.6903943202973,182.36872480468753,17.80691541223563
-34.21233759569198,146.9778552112155,250.29124444335937,17.376101226558013
-34.21233759569198,147.26531610213377,262.0793202636719,17.2957036908796
-34.21233759569198,147.55277699305202,256.15526067382814,17.338410356035137
-34.21233759569198,147.84023788397025,261.68740901367187,17.297889941013707
-34.21233759569198,148.1276987748885,374.29273111328126,16.568639581874002
-34.21233759569198,148.41515966580675,443.76900210937504,16.114659540724425
-34.21233759569198,148.70262055672498,501.71015798828125,15.733836758963566
-34.21233759569198,148.99008144764326,547.8480122167969,15.437732895495133
-34.21233759569198,149.2775423385615,745.9495183203126,14.145935562739911
-34.21233759569198,149.56500322947971,796.235213515625,13.82114273840028
-34.21233759569198,149.852464120398,908.9700746386718,13.097147570497379
-34.21233759569198,150.13992501131622,593.0867771875,15.138714689875842
-34.21233759569198,150.42738590223448,420.8944512285156,16.25997947599869
-34.21233759569198,150.71484679315273,236.39461181640627,17.464454479939832
-34.21233759569198,151.00230768407096,119.79591495303683,18.22120666175647
-34.21233759569198,151.28976857498924,0.1613050738671875,18.98640288240623
-34.21233759569198,151.57722946590746,0.0,19.006925151421136
-34.21233759569198,151.8646903568257,0.0,18.99500350155901
-34.21233759569198,152.15215124774397,0.0,19.15736974648069
-34.21233759569198,152.4396121386622,0.0,18.954401567153504
-34.21233759569198,152.72707302958045,0.0,18.975277199398068
-33.92487670477374,145.83250322396313,133.60494522167969,18.137498814686147
-33.92487670477374,146.11547253846078,216.00076759765625,17.601683063220314
-33.92487670477374,146.40293342937903,192.75579271484375,17.741685371553807
-33.92487670477374,146.6903943202973,246.90555214843752,17.398343877113142
-33.92487670477374,146.9778552112155,278.49513583007814,17.19708207919558
-33.92487670477374,147.26531610213377,244.99650939453124,17.40639503197862
-33.92487670477374,147.55277699305202,218.91278650390626,17.568432386724528
-33.92487670477374,147.84023788397025,264.74450291015626,17.285235209933102
-33.92487670477374,148.1276987748885,372.0228896777344,16.579921076738
-33.92487670477374,148.41515966580675,449.4332869238281,16.078720960423738
-33.92487670477374,148.70262055672498,359.34909500000003,16.661142063098524
-33.92487670477374,148.99008144764326,539.8517787402344,15.480007956302629
-33.92487670477374,149.2775423385615,672.8275091894532,14.631449501279654
-33.92487670477374,149.56500322947971,937.9926778125,12.903621775336328
-33.92487670477374,149.852464120398,1155.3392242773439,11.494074493374779
-33.92487670477374,150.13992501131622,743.3965129882813,14.16082740238078
-33.92487670477374,150.42738590223448,371.1333710449219,16.590601971814444
-33.92487670477374,150.71484679315273,93.72886838476562,18.40227656533734
-33.92487670477374,151.00230768407096,41.4972656929499,18.734096530178405
-33.92487670477374,151.28976857498924,9.882583600130483,18.9360620598456
-33.92487670477374,151.57722946590746,0.0,19.00367685562137
-33.92487670477374,151.8646903568257,0.0,18.999838058414372
-33.92487670477374,152.15215124774397,0.0,18.89564168392777
-33.92487670477374,152.4396121386622,0.0,18.725498685554637
-33.92487670477374,152.72707302958045,0.0,18.704380380718252
-33.63741581385548,145.83250322396313,153.16252874609376,18.014712858495017
-33.63741581385548,146.11547253846078,187.62390243164063,17.77937866843488
-33.63741581385548,146.40293342937903,210.12689924804687,17.62965821209246
-33.63741581385548,146.6903943202973,252.65955028320315,17.353093631277257
-33.63741581385548,146.9778552112155,246.87965825195312,17.393314675739653
-33.63741581385548,147.26531610213377,231.76847576171872,17.486894311832422
-33.63741581385548,147.55277699305202,209.97904399414062,17.63494616062597
-33.63741581385548,147.84023788397025,250.06533729492185,17.379607008832707
-33.63741581385548,148.1276987748885,277.323695546875,17.19640268103833
-33.63741581385548,148.41515966580675,326.7372673339844,16.875589529920262
-33.63741581385548,148.70262055672498,388.408113984375,16.479269685325075
-33.63741581385548,148.99008144764326,665.3487569433594,14.671480096804132
-33.63741581385548,149.2775423385615,920.9278549121093,13.014825222511345
-33.63741581385548,149.56500322947971,864.5525399023438,13.374856286532282
-33.63741581385548,149.852464120398,976.2806276171875,12.65841190978827
-33.63741581385548,150.13992501131622,852.9531673632813,13.453967206082833
-33.63741581385548,150.42738590223448,635.0258862988281,14.869258299262281
-33.63741581385548,150.71484679315273,111.31423313769531,18.261726418010248
-33.63741581385548,151.00230768407096,104.19609513398439,18.324061433648502
-33.63741581385548,151.28976857498924,48.85670284387695,18.68583089304467
-33.63741581385548,151.57722946590746,0.0,19.008997731491487
-33.63741581385548,151.8646903568257,0.0,18.997763762514797
-33.63741581385548,152.15215124774397,0.0,18.969234961347244
-33.63741581385548,152.4396121386622,0.0,18.558261986615094
-33.63741581385548,152.72707302958045,0.0,19.191977498642053
-33.34995492293724,145.83250322396313,144.24464015820314,18.060792346061746
-33.34995492293724,146.11547253846078,167.15293327148436,17.911045394562244
-33.34995492293724,146.40293342937903,175.27687862304688,17.857692443761565
-33.34995492293724,146.6903943202973,223.06861462890626,17.56495161516367
-33.34995492293724,146.9778552112155,214.280685390625,17.60822658866202
-33.34995492293724,147.26531610213377,209.51591957031252,17.639552729375445
-33.34995492293724,147.55277699305202,212.17236311523436,17.612948495213722
-33.34995492293724,147.84023788397025,231.72923541992185,17.497674228850375
-33.34995492293724,148.1276987748885,271.5379433886719,17.234831299947007
-33.34995492293724,148.41515966580675,421.0463931445313,16.266124495966057
-33.34995492293724,148.70262055672498,468.69631524414064,15.948055681432368
-33.34995492293724,148.99008144764326,840.9758672167969,13.538987737291599
-33.34995492293724,149.2775423385615,846.42367875,13.496390837015838
-33.34995492293724,149.56500322947971,727.1902594140624,14.278342620531603
-33.34995492293724,149.852464120398,988.204869873047,12.578640677439958
-33.34995492293724,150.13992501131622,952.289972548828,12.824586582530204
-33.34995492293724,150.42738590223448,673.0487351269531,14.623043933050784
-33.34995492293724,150.71484679315273,264.49460442480466,17.277306437793385
-33.34995492293724,151.00230768407096,131.0680522432129,18.140312627717606
-33.34995492293724,151.28976857498924,131.70322165875146,18.137517480132054
-33.34995492293724,151.57722946590746,3.4231061072778317,18.982598467537066
-33.34995492293724,151.8646903568257,0.0,19.003167468126694
-33.34995492293724,152.15215124774397,0.0,19.098026651608134
-33.34995492293724,152.4396121386622,0.0,19.100905740321362
-33.34995492293724,152.72707302958045,0.0,19.03195425263398
-33.062494032018996,145.83250322396313,144.35251732519532,18.075727575713056
-33.062494032018996,146.11547253846078,164.77554001953126,17.929268628844866
-33.062494032018996,146.40293342937903,170.90056835937497,17.893143363922004
-33.062494032018996,146.6903943202973,184.63789595703128,17.79567407676229
-33.062494032018996,146.9778552112155,190.33348747070312,17.76829577931251
-33.062494032018996,147.26531610213377,223.13704841796874,17.547945572814932
-33.062494032018996,147.55277699305202,229.94485463867187,17.504306718198897
-33.062494032018996,147.84023788397025,267.66535258789065,17.265971399541826
-33.062494032018996,148.1276987748885,314.90200453125,16.955455614484208
-33.062494032018996,148.41515966580675,531.0334834472656,15.547872457581677
-33.062494032018996,148.70262055672498,562.7934316796875,15.344076959242624
-33.062494032018996,148.99008144764326,652.8992656152344,14.761509875439854
-33.062494032018996,149.2775423385615,688.4722536425782,14.533798133134525
-33.062494032018996,149.56500322947971,753.6362053613282,14.11265930614949
-33.062494032018996,149.852464120398,836.5409281542968,13.561818874427864
-33.062494032018996,150.13992501131622,548.5880227148438,15.429773082559375
-33.062494032018996,150.42738590223448,582.4531383203125,15.214560372086698
-33.062494032018996,150.71484679315273,291.1251672861328,17.111287857031805
-33.062494032018996,151.00230768407096,207.77672915527342,17.647696694651863
-33.062494032018996,151.28976857498924,230.16470863769533,17.492722657835188
-33.062494032018996,151.57722946590746,36.15021701526582,18.766098297074574
-33.062494032018996,151.8646903568257,0.5429259610768463,18.9920224520724
-33.062494032018996,152.15215124774397,0.0,18.982910334430912
-33.062494032018996,152.4396121386622,0.0,18.998752340648387
-33.062494032018996,152.72707302958045,0.0,18.99890698667838
-32.77503314110075,145.83250322396313,210.05253357421873,17.642280241556794
-32.77503314110075,146.11547253846078,211.77211956054686,17.61664943825658
-32.77503314110075,146.40293342937903,249.73587937500002,17.369148913985683
-32.77503314110075,146.6903943202973,222.9778659863281,17.557599028902036
-32.77503314110075,146.9778552112155,234.43990283203124,17.471730413572153
-32.77503314110075,147.26531610213377,287.8545472851563,17.128548714453856
-32.77503314110075,147.55277699305202,269.8119211425781,17.25000468150582
-32.77503314110075,147.84023788397025,276.10369749999995,17.202339769071855
-32.77503314110075,148.1276987748885,277.0917097167969,17.197576647737787
-32.77503314110075,148.41515966580675,460.2528639160156,16.019301700330537
-32.77503314110075,148.70262055672498,466.0597809765625,15.97590523964547
-32.77503314110075,148.99008144764326,471.15126119140626,15.93236618948944
-32.77503314110075,149.2775423385615,623.0099853613281,14.945267569964486
-32.77503314110075,149.56500322947971,748.8561371093749,14.13008816236312
-32.77503314110075,149.852464120398,682.0288642480468,14.568556007310946
-32.77503314110075,150.13992501131622,746.6469271484375,14.146594223875272
-32.77503314110075,150.42738590223448,696.2044773339844,14.479859956419167
-32.77503314110075,150.71484679315273,409.8418072265625,16.336026314562936
-32.77503314110075,151.00230768407096,244.92838234472654,17.410001937561827
-32.77503314110075,151.28976857498924,138.72283350097655,18.097926878981937
-32.77503314110075,151.57722946590746,35.403097499708984,18.767758609516086
-32.77503314110075,151.8646903568257,11.551184961842578,18.92930664709357
-32.77503314110075,152.15215124774397,4.107968792419131,18.97075736375634
-32.77503314110075,152.4396121386622,0.0,19.007865287927615
-32.77503314110075,152.72707302958045,0.0,19.001586994312486
-32.487572250182495,145.83250322396313,257.19950600585935,17.318556518071006
-32.487572250182495,146.11547253846078,269.9028634960938,17.238159577858276
-32.487572250182495,146.40293342937903,332.15216195312496,16.855246015091748
-32.487572250182495,146.6903943202973,290.2989262988282,17.117767021856523
-32.487572250182495,146.9778552112155,271.5374516894531,17.24052587678642
-32.487572250182495,147.26531610213377,249.54338536132815,17.37986930831251
-32.487572250182495,147.55277699305202,244.136994140625,17.422352857329606
-32.487572250182495,147.84023788397025,224.01958290039062,17.539481769049683
-32.487572250182495,148.1276987748885,252.04772970703124,17.367515691369704
-32.487572250182495,148.41515966580675,386.63080880859377,16.49059217157319
-32.487572250182495,148.70262055672498,334.41185991210943,16.83656028786138
-32.487572250182495,148.99008144764326,421.33648825195314,16.270498774837613
-32.487572250182495,149.2775423385615,499.71526838867186,15.740608828190885
-32.487572250182495,149.56500322947971,512.0831586132813,15.680314670238362
-32.487572250182495,149.852464120398,602.4658320410156,15.078453304794937
-32.487572250182495,150.13992501131622,456.557313203125,16.022460003266268
-32.487572250182495,150.42738590223448,336.9229691357422,16.803553366396244
-32.487572250182495,150.71484679315273,253.86798878417966,17.34446139572475
-32.487572250182495,151.00230768407096,145.73772026660157,18.04620504558231
-32.487572250182495,151.28976857498924,148.5456086748047,18.036560494253997
-32.487572250182495,151.57722946590746,145.8385809248047,18.047940734081436
-32.487572250182495,151.8646903568257,82.42915320273438,18.466114898857526
-32.487572250182495,152.15215124774397,74.86286066762207,18.51685634037972
-32.487572250182495,152.4396121386622,12.643975356506836,18.91260514776581
-32.487572250182495,152.72707302958045,0.0,19.00169435866542
-32.200111359264255,145.83250322396313,250.56241669921877,17.368840703360007
-32.200111359264255,146.11547253846078,289.5094998925781,17.117160783356958
-32.200111359264255,146.40293342937903,333.62218607421875,16.83050606538906
-32.200111359264255,146.6903943202973,285.8580662207031,17.136770971620628
-32.200111359264255,146.9778552112155,232.2307488769531,17.499603631751082
-32.200111359264255,147.26531610213377,204.70768193359373,17.673451236452557
-32.200111359264255,147.55277699305202,204.53143286132814,17.674649702069598
-32.200111359264255,147.84023788397025,214.21635532226563,17.619840801951838
-32.200111359264255,148.1276987748885,231.63179540039062,17.482437422924274
-32.200111359264255,148.41515966580675,273.4498848144531,17.219725939924945
-32.200111359264255,148.70262055672498,321.33097124023436,16.90529575365535
-32.200111359264255,148.99008144764326,377.0137211230469,16.558590498393926
-32.200111359264255,149.2775423385615,457.9392902050781,16.013282525754164
-32.200111359264255,149.56500322947971,474.46332689453124,15.911573707070803
-32.200111359264255,149.852464120398,447.0790827246094,16.089037025407606
-32.200111359264255,150.13992501131622,357.6037214355469,16.66393172668805
-32.200111359264255,150.42738590223448,314.8728452832031,16.950087960788426
-32.200111359264255,150.71484679315273,270.9023950439453,17.243111758086243
-32.200111359264255,151.00230768407096,308.6012659472656,17.00473387201449
-32.200111359264255,151.28976857498924,559.8220036132811,15.362057628793682
-32.200111359264255,151.57722946590746,472.5732760283203,15.922517979946084
-32.200111359264255,151.8646903568257,265.7306328847656,17.273949886808616
-32.200111359264255,152.15215124774397,191.77660767089844,17.757754713077876
-32.200111359264255,152.4396121386622,26.667254509112894,18.820608335931382
-32.200111359264255,152.72707302958045,0.0,18.997692230755135
-31.912650468346005,145.83250322396313,241.1690977246094,17.44607978991038
-31.912650468346005,146.11547253846078,293.73073727539065,17.087822807962574
-31.912650468346005,146.40293342937903,318.00056428710934,16.925220405124733
-31.912650468346005,146.6903943202973,249.82924235351567,17.37211316349184
-31.912650468346005,146.9778552112155,200.7006581347656,17.69670389400283
-31.912650468346005,147.26531610213377,186.44824234375,17.777575276645898
-31.912650468346005,147.55277699305202,194.33833827148436,17.744422752034804
-31.912650468346005,147.84023788397025,204.4071340234375,17.679263721756847
-31.912650468346005,148.1276987748885,218.1411553515625,17.59024253399103
-31.912650468346005,148.41515966580675,267.752958125,17.258777712270458
-31.912650468346005,148.70262055672498,325.09726313476557,16.889418251831387
-31.912650468346005,148.99008144764326,385.7135982714844,16.481345769124005
-31.912650468346005,149.2775423385615,436.4727328613281,16.16427045689791
-31.912650468346005,149.56500322947971,519.8284658105468,15.615021977967253
-31.912650468346005,149.852464120398,593.22796390625,15.144158410500612
-31.912650468346005,150.13992501131622,631.7170677636718,14.89080086365409
-31.912650468346005,150.42738590223448,508.8188450292969,15.702161467639792
-31.912650468346005,150.71484679315273,486.930580703125,15.832279819782528
-31.912650468346005,151.00230768407096,451.56356140624996,16.077988564018742
-31.912650468346005,151.28976857498924,791.9384419140624,13.841097710655301
-31.912650468346005,151.57722946590746,880.6957727832031,13.285208367341122
-31.912650468346005,151.8646903568257,322.0089597636719,16.901438225729677
-31.912650468346005,152.15215124774397,187.99873378808593,17.777797442369188
-31.912650468346005,152.4396121386622,52.29364145055517,18.662762423952195
-31.912650468346005,152.72707302958045,2.3116064313343747,18.990942353197436
-31.625189577427754,145.83250322396313,226.13941435546874,17.532787305559907
-31.625189577427754,146.11547253846078,271.32154783203123,17.239747422131998
-31.625189577427754,146.40293342937903,287.80825537109376,17.126348028308513
-31.625189577427754,146.6903943202973,226.21082154296874,17.530111370375927
-31.625189577427754,146.9778552112155,189.34112388671875,17.77926785469146
-31.625189577427754,147.26531610213377,175.02399653320313,17.86321345702767
-31.625189577427754,147.55277699305202,183.0886003515625,17.818656501695735
-31.625189577427754,147.84023788397025,191.85692761718752,17.755787324854147
-31.625189577427754,148.1276987748885,211.6914731542969,17.62391903909317
-31.625189577427754,148.41515966580675,248.86523998046877,17.37962746738121
-31.625189577427754,148.70262055672498,303.6603753515625,17.02386698169404
-31.625189577427754,148.99008144764326,465.41936126953124,15.984808013279748
-31.625189577427754,149.2775423385615,473.19594296875005,15.925070977563205
-31.625189577427754,149.56500322947971,527.8334518652343,15.560370402207232
-31.625189577427754,149.852464120398,606.9264071582031,15.060876018210283
-31.625189577427754,150.13992501131622,541.5018923339844,15.477464782342327
-31.625189577427754,150.42738590223448,366.8491042089844,16.61317020947493
-31.625189577427754,150.71484679315273,497.5498982226562,15.7683961229265
-31.625189577427754,151.00230768407096,744.0112703125,14.163564623324636
-31.625189577427754,151.28976857498924,911.0584658496093,13.08118938475199
-31.625189577427754,151.57722946590746,730.6663780371093,14.255281428720359
-31.625189577427754,151.8646903568257,531.2654694238281,15.54890836828782
-31.625189577427754,152.15215124774397,469.2169019326172,15.957723611372963
-31.625189577427754,152.4396121386622,283.35745241503906,17.160557592887898
-31.625189577427754,152.72707302958045,62.04191728976577,18.585788656904967
-31.337728686509507,145.83250322396313,232.88423232421877,17.4792053242653
-31.337728686509507,146.11547253846078,250.95576150390625,17.36749251591258
-31.337728686509507,146.40293342937903,234.54189409179688,17.482742090325416
-31.337728686509507,146.6903943202973,241.77050912109377,17.426257805568504
-31.337728686509507,146.9778552112155,182.19841038085937,17.805639064062962
-31.337728686509507,147.26531610213377,164.32787685546873,17.93865128716716
-31.337728686509507,147.55277699305202,170.55666146484376,17.892542820929314
-31.337728686509507,147.84023788397025,177.33691123046873,17.857381855238472
-31.337728686509507,148.1276987748885,197.13935331054688,17.71203074712596
-31.337728686509507,148.41515966580675,223.6070933886719,17.54609728231938
-31.337728686509507,148.70262055672498,287.52530364257814,17.13942343134659
-31.337728686509507,148.99008144764326,609.194487109375,15.036017905130562
-31.337728686509507,149.2775423385615,544.3668320214844,15.462573562277445
-31.337728686509507,149.56500322947971,544.6603128124999,15.45721182965672
-31.337728686509507,149.852464120398,406.13446879882815,16.356768650900783
-31.337728686509507,150.13992501131622,337.3674539648438,16.80817963826916
-31.337728686509507,150.42738590223448,316.3579130761719,16.937839655901076
-31.337728686509507,150.71484679315273,501.75081427734375,15.734348048367526
-31.337728686509507,151.00230768407096,562.2495188085937,15.336463690508191
-31.337728686509507,151.28976857498924,948.9875061425782,12.826579308991072
-31.337728686509507,151.57722946590746,1183.229056923828,11.309696683695408
-31.337728686509507,151.8646903568257,970.2130375683594,12.692558633978951
-31.337728686509507,152.15215124774397,723.0974874414062,14.308628776682664
-31.337728686509507,152.4396121386622,321.02521867382814,16.920989975383065
-31.337728686509507,152.72707302958045,65.54508591607618,18.567136082622625
-31.05026779559126,145.83250322396313,193.92382758789063,17.738722647926615
-31.05026779559126,146.11547253846078,216.6585098828125,17.58356853138227
-31.05026779559126,146.40293342937903,193.12917310546874,17.746982384901408
-31.05026779559126,146.6903943202973,211.50671374023437,17.63119329705389
-31.05026779559126,146.9778552112155,168.96400124999997,17.90013546396387
-31.05026779559126,147.26531610213377,155.20123296875,17.980512109374725
-31.05026779559126,147.55277699305202,157.29351306640623,17.975082540441193
-31.05026779559126,147.84023788397025,159.93585234374999,17.962774205590776
-31.05026779559126,148.1276987748885,175.49120642578126,17.856797447757845
-31.05026779559126,148.41515966580675,191.53003781249998,17.759005016150226
-31.05026779559126,148.70262055672498,237.28960563476562,17.450273479401496
-31.05026779559126,148.99008144764326,349.8923587890625,16.730441299295077
-31.05026779559126,149.2775423385615,446.35556753906246,16.09091878864416
-31.05026779559126,149.56500322947971,444.34207092773437,16.10145832444987
-31.05026779559126,149.852464120398,313.831135390625,16.961863609274783
-31.05026779559126,150.13992501131622,352.07843200195316,16.713369909320896
-31.05026779559126,150.42738590223448,304.42853767578123,17.017599647755556
-31.05026779559126,150.71484679315273,421.48877560546873,16.259368950517413
-31.05026779559126,151.00230768407096,584.40250859375,15.195846792450837
-31.05026779559126,151.28976857498924,865.9646931738281,13.377761597342719
-31.05026779559126,151.57722946590746,1123.073799169922,11.70487506280396
-31.05026779559126,151.8646903568257,984.9903656640624,12.60168744016822
-31.05026779559126,152.15215124774397,751.9102242871094,14.115949395828114
-31.05026779559126,152.4396121386622,488.4325663779297,15.820159887764678
-31.05026779559126,152.72707302958045,79.2806701869873,18.491008335660624
-30.762806904673013,145.83250322396313,166.61592130859373,17.91684073955328
-30.762806904673013,146.11547253846078,158.3526759765625,17.970092542834063
-30.762806904673013,146.40293342937903,163.77204094726562,17.941674717367853
-30.762806904673013,146.6903943202973,174.00162357421874,17.861592596721643
-30.762806904673013,146.9778552112155,144.06058702148437,18.05201323198935
-30.762806904673013,147.26531610213377,143.5631547363281,18.07448901502713
-30.762806904673013,147.55277699305202,145.21232118164065,18.05748973338057
-30.762806904673013,147.84023788397025,146.02712490234376,18.050376482067776
-30.762806904673013,148.1276987748885,150.63475501953124,18.021323916172623
-30.762806904673013,148.41515966580675,166.93234118164062,17.913111874505482
-30.762806904673013,148.70262055672498,204.44965342773435,17.681222394849293
-30.762806904673013,148.99008144764326,248.20290935546876,17.388566950655125
-30.762806904673013,149.2775423385615,323.8824669726563,16.89438036254244
-30.762806904673013,149.56500322947971,334.74093073242193,16.81888377546477
-30.762806904673013,149.852464120398,315.6621663964844,16.933774116569108
-30.762806904673013,150.13992501131622,270.1984718457031,17.241652723407
-30.762806904673013,150.42738590223448,415.7430131640625,16.294854805742066
-30.762806904673013,150.71484679315273,454.6438905761719,16.046033025221085
-30.762806904673013,151.00230768407096,760.5559393554688,14.05668596431472
-30.762806904673013,151.28976857498924,954.7696699999999,12.795167932500824
-30.762806904673013,151.57722946590746,1065.169475751953,12.075325350428834
-30.762806904673013,151.8646903568257,833.7370912011719,13.577719424967087
-30.762806904673013,152.15215124774397,614.6925487792969,15.000652977989962
-30.762806904673013,152.4396121386622,310.0406002128906,16.978721828133143
-30.762806904673013,152.72707302958045,144.61569685,18.054861502768738
-30.47534601375477,145.83250322396313,133.56611227148437,18.13241317966056
-30.47534601375477,146.11547253846078,126.78612806152344,18.166688411961456
-30.47534601375477,146.40293342937903,164.7632919824219,17.92998197812104
-30.47534601375477,146.6903943202973,166.71097151171875,17.911609535770367
-30.47534601375477,146.9778552112155,134.74026105371095,18.121336839581108
-30.47534601375477,147.26531610213377,133.30695904296877,18.128223807176138
-30.47534601375477,147.55277699305202,133.41309654296876,18.13175939022249
-30.47534601375477,147.84023788397025,135.55673206054686,18.122834714116514
-30.47534601375477,148.1276987748885,136.51459016601564,18.108319690307315
-30.47534601375477,148.41515966580675,143.57933020507812,18.06787534459484
-30.47534601375477,148.70262055672498,163.33656689453124,17.943646406149156
-30.47534601375477,148.99008144764326,190.02348723632812,17.76759912819791
-30.47534601375477,149.2775423385615,216.26732300781248,17.586524670026442
-30.47534601375477,149.56500322947971,242.89234336914063,17.42236031001623
-30.47534601375477,149.852464120398,266.5115656054687,17.263487736294554
-30.47534601375477,150.13992501131622,433.92112340820313,16.176514749668023
-30.47534601375477,150.42738590223448,689.2773215820313,14.523592080965862
-30.47534601375477,150.71484679315273,599.8902071093751,15.103483644474377
-30.47534601375477,151.00230768407096,815.6026253613281,13.70837486499152
-30.47534601375477,151.28976857498924,832.0871268261718,13.59181164317551
-30.47534601375477,151.57722946590746,1057.7943905371094,12.116082516142454
-30.47534601375477,151.8646903568257,1050.589362705078,12.1642979642284
-30.47534601375477,152.15215124774397,1093.9983698730468,11.877653495865385
-30.47534601375477,152.4396121386622,893.5529715039062,13.197585856543071
-30.47534601375477,152.72707302958045,326.7329213476562,16.882505395089616
-30.187885122836523,145.83250322396313,107.72671765625,18.314464765868106
-30.187885122836523,146.11547253846078,114.40061986328125,18.25503935326536
-30.187885122836523,146.40293342937903,124.52828021777344,18.1887141208943
-30.187885122836523,146.6903943202973,123.50392392578125,18.210117743985734
-30.187885122836523,146.9778552112155,123.8375287421875,18.20448199024673
-30.187885122836523,147.26531610213377,124.67894301855469,18.18240825900731
-30.187885122836523,147.55277699305202,127.00803915429688,18.184531876846354
-30.187885122836523,147.84023788397025,129.56825554785155,18.165637235345844
-30.187885122836523,148.1276987748885,133.11014619140624,18.128195200487628
-30.187885122836523,148.41515966580675,141.2721873828125,18.083304076177278
-30.187885122836523,148.70262055672498,150.72797142578125,18.012228057177342
-30.187885122836523,148.99008144764326,164.9194735058594,17.93036579745403
-30.187885122836523,149.2775423385615,181.52731477539064,17.8250728706569
-30.187885122836523,149.56500322947971,200.19883106445315,17.68955562874634
-30.187885122836523,149.852464120398,285.3694305859375,17.138459016458416
-30.187885122836523,150.13992501131622,688.8033738183593,14.52968752865861
-30.187885122836523,150.42738590223448,578.5936295410156,15.239278342313503
-30.187885122836523,150.71484679315273,633.7497699511719,14.880540373400029
-30.187885122836523,151.00230768407096,739.3193834472656,14.19687982190386
-30.187885122836523,151.28976857498924,898.1532372949218,13.163358948175208
-30.187885122836523,151.57722946590746,1228.5015419726562,11.012638571644924
-30.187885122836523,151.8646903568257,1261.3058598632813,10.798601359875759
-30.187885122836523,152.15215124774397,995.4939139843749,12.519183543707305
-30.187885122836523,152.4396121386622,912.4895550585937,13.063649978518402
-30.187885122836523,152.72707302958045,601.5564127636719,15.092866681504258
-29.900424231918276,145.83250322396313,111.98455797851562,18.271205664998085
-29.900424231918276,146.11547253846078,113.03159788574219,18.267304314463637
-29.900424231918276,146.40293342937903,114.74637577539062,18.253453418494516
-29.900424231918276,146.6903943202973,116.7286035263672,18.23818794263552
-29.900424231918276,146.9778552112155,120.33800239355469,18.217916598115593
-29.900424231918276,147.26531610213377,122.44227634082031,18.203105328155235
-29.900424231918276,147.55277699305202,136.0615438671875,18.117759010185267
-29.900424231918276,147.84023788397025,133.91242749511719,18.12454364269377
-29.900424231918276,148.1276987748885,136.25226305664063,18.112728388277
-29.900424231918276,148.41515966580675,139.94595545898437,18.088470134137467
-29.900424231918276,148.70262055672498,148.06359438476562,18.043319673332373
-29.900424231918276,148.99008144764326,159.4809319921875,17.955715973445443
-29.900424231918276,149.2775423385615,172.6629560546875,17.877971413818205
-29.900424231918276,149.56500322947971,187.7114132519531,17.773054795848342
-29.900424231918276,149.852464120398,261.65277477539064,17.292105833602744
-29.900424231918276,150.13992501131622,404.02814057617184,16.375323722015956
-29.900424231918276,150.42738590223448,415.3458882226562,16.299852196944116
-29.900424231918276,150.71484679315273,454.019292265625,16.043439914634753
-29.900424231918276,151.00230768407096,690.2400736425782,14.510717518703618
-29.900424231918276,151.28976857498924,823.4000437988282,13.64802443348995
-29.900424231918276,151.57722946590746,1127.45426984375,11.674649265446165
-29.900424231918276,151.8646903568257,1153.5489813671875,11.507641618765511
-29.900424231918276,152.15215124774397,786.7044539648438,13.888431789761661
-29.900424231918276,152.4396121386622,544.0556679882812,15.460750295478334
-29.900424231918276,152.72707302958045,222.51125154296875,17.552035578765057
-29.61296334100003,145.83250322396313,137.07247261914063,18.10959937298849
-29.61296334100003,146.11547253846078,128.44999666601564,18.165831170494936
-29.61296334100003,146.40293342937903,119.30608692285156,18.219424244270186
-29.61296334100003,146.6903943202973,120.46768110742187,18.217549583122576
-29.61296334100003,146.9778552112155,123.81720195312501,18.18687806018381
-29.61296334100003,147.26531610213377,126.44360757324219,18.18924722449215
-29.61296334100003,147.55277699305202,136.6490967685547,18.10709156534496
-29.61296334100003,147.84023788397025,141.75037272460935,18.074968349576427
-29.61296334100003,148.1276987748885,142.35655065429688,18.074444951826656
-29.61296334100003,148.41515966580675,145.06886298828124,18.055747226735328
-29.61296334100003,148.70262055672498,146.65660441406249,18.040807003271176
-29.61296334100003,148.99008144764326,156.21977908203127,17.991595979915108
-29.61296334100003,149.2775423385615,168.51278553710938,17.913962805103637
-29.61296334100003,149.56500322947971,186.30644595703126,17.790686951057346
-29.61296334100003,149.852464120398,221.56207375,17.561252514689453
-29.61296334100003,150.13992501131622,283.0642405566406,17.16511678026622
-29.61296334100003,150.42738590223448,347.97685730468754,16.746290723273837
-29.61296334100003,150.71484679315273,494.34677299804684,15.787625108289692
-29.61296334100003,151.00230768407096,621.0753915820312,14.953395011790668
-29.61296334100003,151.28976857498924,724.5520546679688,14.29405762972608
-29.61296334100003,151.57722946590746,950.3705505273438,12.822295315238915
-29.61296334100003,151.8646903568257,1056.5689003613281,12.123948749995915
-29.61296334100003,152.15215124774397,867.1615840234374,13.37115907751045
-29.61296334100003,152.4396121386622,476.0446458974609,15.898482372856165
-29.61296334100003,152.72707302958045,93.9270236484375,18.398700258088915
-29.325502450081782,145.83250322396313,138.19749360351562,18.0936661615536
-29.325502450081782,146.11547253846078,145.19158694335937,18.062227636821387
-29.325502450081782,146.40293342937903,135.73795509375,18.121297103283208
-29.325502450081782,146.6903943202973,127.71477221386718,18.176492292659383
-29.325502450081782,146.9778552112155,129.08521867382814,18.166298676878284
-29.325502450081782,147.26531610213377,133.0367074902344,18.12263275952663
-29.325502450081782,147.55277699305202,137.0325938574219,18.11251551088445
-29.325502450081782,147.84023788397025,146.00100219726562,18.046505012704607
-29.325502450081782,148.1276987748885,148.32471369140626,18.033283322270105
-29.325502450081782,148.41515966580675,152.59244577148436,18.00247215877328
-29.325502450081782,148.70262055672498,153.19335802734375,17.99998561826201
-29.325502450081782,148.99008144764326,155.09533454101563,17.994528755270522
-29.325502450081782,149.2775423385615,169.1309356933594,17.894285805111075
-29.325502450081782,149.56500322947971,186.0097040722656,17.796106182213677
-29.325502450081782,149.852464120398,204.2979188183594,17.677785975946364
-29.325502450081782,150.13992501131622,253.34112612304685,17.351675771070347
-29.325502450081782,150.42738590223448,375.00097346679684,16.571412975286286
-29.325502450081782,150.71484679315273,471.8136995507812,15.930580562385664
-29.325502450081782,151.00230768407096,497.60394828125,15.761439893754932
-29.325502450081782,151.28976857498924,567.0246158496094,15.312931315510795
-29.325502450081782,151.57722946590746,831.5112511328125,13.5992962993862
-29.325502450081782,151.8646903568257,927.5281059863281,12.97836617585259
-29.325502450081782,152.15215124774397,878.8062764941405,13.293392868809029
-29.325502450081782,152.4396121386622,424.0998319521484,16.24749635988419
-29.325502450081782,152.72707302958045,173.54108847753906,17.872321933432666
-29.038041559163535,145.83250322396313,146.0076608984375,18.05510951524358
-29.038041559163535,146.11547253846078,143.85882146484374,18.046348874349526
-29.038041559163535,146.40293342937903,141.7908482910156,18.08291296669693
-29.038041559163535,146.6903943202973,140.42210324218752,18.08885935746592
-29.038041559163535,146.9778552112155,137.05490981445314,18.107302494146033
-29.038041559163535,147.26531610213377,138.86441318359374,18.102910527126838
-29.038041559163535,147.55277699305202,145.4548862890625,18.055741614071252
-29.038041559163535,147.84023788397025,153.333275625,18.00474048342438
-29.038041559163535,148.1276987748885,157.0823834472656,17.96744113680169
-29.038041559163535,148.41515966580675,157.9871113671875,17.98381876108534
-29.038041559163535,148.70262055672498,161.36576770507813,17.950151659426027
-29.038041559163535,148.99008144764326,160.31585315429686,17.96285297639097
-29.038041559163535,149.2775423385615,167.75755629882812,17.915415133021206
-29.038041559163535,149.56500322947971,178.98948829101565,17.83004325215353
-29.038041559163535,149.852464120398,198.90845439453128,17.709732463537748
-29.038041559163535,150.13992501131622,240.71659277343747,17.434790600470066
-29.038041559163535,150.42738590223448,313.46861375000003,16.951144600539955
-29.038041559163535,150.71484679315273,336.90784497070314,16.814725699389015
-29.038041559163535,151.00230768407096,415.50610439453123,16.302122260395613
-29.038041559163535,151.28976857498924,405.88416331054685,16.348970632863985
-29.038041559163535,151.57722946590746,554.7167637011719,15.396411525973186
-29.038041559163535,151.8646903568257,853.9960875585937,13.449481847590757
-29.038041559163535,152.15215124774397,870.8732129492187,13.34448265719585
-29.038041559163535,152.4396121386622,404.14169583496096,16.36497452635262
-29.038041559163535,152.72707302958045,197.95631514648437,17.707142296715205
-28.750580668245288,145.83250322396313,157.98604703125,17.98360583801323
-28.750580668245288,146.11547253846078,153.59329557617187,17.99976728567006
-28.750580668245288,146.40293342937903,149.22174910156252,18.027920850360083
-28.750580668245288,146.6903943202973,144.48781152343753,18.074134381052595
-28.750580668245288,146.9778552112155,144.05209958984375,18.075102348443572
-28.750580668245288,147.26531610213377,145.70350955078126,18.050592229258967
-28.750580668245288,147.55277699305202,152.38850200195313,17.99503518362833
-28.750580668245288,147.84023788397025,156.6403382421875,17.975864595115212
-28.750580668245288,148.1276987748885,164.23990625976563,17.930213807852702
-28.750580668245288,148.41515966580675,169.322281953125,17.898192646909397
-28.750580668245288,148.70262055672498,169.71333908203127,17.909638534642543
-28.750580668245288,148.99008144764326,178.363911953125,17.84699015600205
-28.750580668245288,149.2775423385615,173.58296213867186,17.87637681295138
-28.750580668245288,149.56500322947971,181.53100995117188,17.81562287689045
-28.750580668245288,149.852464120398,195.97132924804689,17.723206782717263
-28.750580668245288,150.13992501131622,213.57591620117188,17.622608458431717
-28.750580668245288,150.42738590223448,235.28603900390624,17.47548488971887
-28.750580668245288,150.71484679315273,264.75618115234374,17.280334916774983
-28.750580668245288,151.00230768407096,294.30607807617184,17.08896406852112
-28.750580668245288,151.28976857498924,437.84034973632816,16.153497029624504
-28.750580668245288,151.57722946590746,621.2794641210937,14.969733096789788
-28.750580668245288,151.8646903568257,854.7571237597656,13.449636656105465
-28.750580668245288,152.15215124774397,782.6404594628907,13.915031846776593
-28.750580668245288,152.4396121386622,369.5761148828125,16.600519045310953
-28.750580668245288,152.72707302958045,243.1231149267578,17.412094325943222
-28.463119777327044,145.83250322396313,172.0335701171875,17.872919023925096
-28.463119777327044,146.11547253846078,165.77821262695312,17.93749816979645
-28.463119777327044,146.40293342937903,160.36053056640625,17.956915815615563
-28.463119777327044,146.6903943202973,154.78150227539064,17.992726862872928
-28.463119777327044,146.9778552112155,153.58906481445314,17.995259426432312
-28.463119777327044,147.26531610213377,157.31289949218748,17.970570707304482
-28.463119777327044,147.55277699305202,164.62977216796875,17.934921780326583
-28.463119777327044,147.84023788397025,171.3175215234375,17.890442704697584
-28.463119777327044,148.1276987748885,174.770075546875,17.876775623889728
-28.463119777327044,148.41515966580675,180.83811421874998,17.841193927798255
-28.463119777327044,148.70262055672498,181.71142782226565,17.815097853586995
-28.463119777327044,148.99008144764326,188.85643978515625,17.77238369816083
-28.463119777327044,149.2775423385615,207.31364473632811,17.65675779508542
-28.463119777327044,149.56500322947971,190.2842754296875,17.770400536612044
-28.463119777327044,149.852464120398,195.08125833007813,17.729780930696435
-28.463119777327044,150.13992501131622,207.4553229296875,17.65502341408664
-28.463119777327044,150.42738590223448,222.73908840820314,17.539102501459286
-28.463119777327044,150.71484679315273,254.70423023437496,17.36905917836205
-28.463119777327044,151.00230768407096,303.19072977539065,17.02278495536605
-28.463119777327044,151.28976857498924,365.81289527343745,16.628830364069547
-28.463119777327044,151.57722946590746,577.3167155175781,15.238247610867312
-28.463119777327044,151.8646903568257,783.0262396191406,13.915849461980372
-28.463119777327044,152.15215124774397,608.9042538085937,15.049386020345208
-28.463119777327044,152.4396121386622,524.5690769238281,15.590551721514007
-28.463119777327044,152.72707302958045,402.6480305126953,16.383363011872827
-28.175658886408797,145.83250322396313,186.81577623046877,17.797448098268838
-28.175658886408797,146.11547253846078,181.80948502929687,17.823508895334033
-28.175658886408797,146.40293342937903,173.89218116210935,17.875014738762598
-28.175658886408797,146.6903943202973,173.2207692578125,17.862623958222912
-28.175658886408797,146.9778552112155,177.8551182421875,17.831286543078043
-28.175658886408797,147.26531610213377,175.28137955078125,17.85138322720435
-28.175658886408797,147.55277699305202,180.64729754882813,17.829857084576545
-28.175658886408797,147.84023788397025,191.19742678710938,17.750768833913977
-28.175658886408797,148.1276987748885,196.02393458984375,17.728468912531024
-28.175658886408797,148.41515966580675,195.43312852539063,17.731671262621386
-28.175658886408797,148.70262055672498,194.79698857421874,17.737858915212733
-28.175658886408797,148.99008144764326,198.87342015625,17.70389500880019
-28.175658886408797,149.2775423385615,229.14515483398435,17.50567471007775
-28.175658886408797,149.56500322947971,238.82687451171876,17.45471214553708
-28.175658886408797,149.852464120398,223.45390779296875,17.544563730428088
-28.175658886408797,150.13992501131622,225.43818876953125,17.533452051979303
-28.175658886408797,150.42738590223448,243.93927920898437,17.41919340025584
-28.175658886408797,150.71484679315273,288.04547323242184,17.126716527321662
-28.175658886408797,151.00230768407096,374.13390211914066,16.571034252034643
-28.175658886408797,151.28976857498924,390.42509023437503,16.46627872182814
-28.175658886408797,151.57722946590746,510.3549518554688,15.67787493536353
-28.175658886408797,151.8646903568257,494.61618102539063,15.78932345402482
-28.175658886408797,152.15215124774397,550.0339666503907,15.431776327991612
-28.175658886408797,152.4396121386622,602.5581599511719,15.07970044825754
-28.175658886408797,152.72707302958045,296.03426543847655,17.077698946529996
-27.888197995490547,145.83250322396313,201.34843637695312,17.685340445264288
-27.888197995490547,146.11547253846078,198.3085039941406,17.70989286731347
-27.888197995490547,146.40293342937903,191.40781495117187,17.76206649052922
-27.888197995490547,146.6903943202973,197.63863374023438,17.710510250070936
-27.888197995490547,146.9778552112155,208.63548237304687,17.651321475639257
-27.888197995490547,147.26531610213377,199.34074428710937,17.713724687436063
-27.888197995490547,147.55277699305202,201.86032155273438,17.692314292638972
-27.888197995490547,147.84023788397025,214.17059887695314,17.608393352376314
-27.888197995490547,148.1276987748885,222.17367399414061,17.551431342896457
-27.888197995490547,148.41515966580675,216.4416553417969,17.587169549187053
-27.888197995490547,148.70262055672498,218.80272265625,17.572800230443498
-27.888197995490547,148.99008144764326,233.5411072265625,17.471458713308095
-27.888197995490547,149.2775423385615,232.95910018554687,17.49995708597073
-27.888197995490547,149.56500322947971,235.57857160156252,17.47100558503578
-27.888197995490547,149.852464120398,243.8166241308594,17.415228521703554
-27.888197995490547,150.13992501131622,254.3375237402344,17.341709516064096
-27.888197995490547,150.42738590223448,279.671358125,17.182182208240715
-27.888197995490547,150.71484679315273,329.8045937597656,16.85645209244722
-27.888197995490547,151.00230768407096,384.39341052734375,16.490221048030204
-27.888197995490547,151.28976857498924,413.1750181054688,16.313759771205177
-27.888197995490547,151.57722946590746,416.4008941992188,16.300631677003274
-27.888197995490547,151.8646903568257,477.3830025097657,15.892813356590516
-27.888197995490547,152.15215124774397,566.1045569628907,15.326175060006264
-27.888197995490547,152.4396121386622,310.27284446875,16.98414155063688
-27.888197995490547,152.72707302958045,133.7150584560547,18.128792427695206
-27.6007371045723,145.83250322396313,223.73794005859375,17.545115123790946
-27.6007371045723,146.11547253846078,219.52371080078126,17.566738588370768
-27.6007371045723,146.40293342937903,218.05096671874998,17.587391851444497
-27.6007371045723,146.6903943202973,218.030687734375,17.596585423022876
-27.6007371045723,146.9778552112155,234.03052798828125,17.477363883492167
-27.6007371045723,147.26531610213377,230.9709296484375,17.491663118996
-27.6007371045723,147.55277699305202,229.47564662109374,17.50721915228158
-27.6007371045723,147.84023788397025,244.26028501953124,17.416719097620707
-27.6007371045723,148.1276987748885,252.50364861328126,17.36467765022157
-27.6007371045723,148.41515966580675,237.7255940332031,17.45391437376685
-27.6007371045723,148.70262055672498,226.5847878515625,17.52883141664
-27.6007371045723,148.99008144764326,264.4779740136718,17.286143169369915
-27.6007371045723,149.2775423385615,293.460504296875,17.096403887921355
-27.6007371045723,149.56500322947971,293.5077626855469,17.092246647211326
-27.6007371045723,149.852464120398,287.3229453320313,17.127591990576462
-27.6007371045723,150.13992501131622,280.05302588867187,17.18585999456729
-27.6007371045723,150.42738590223448,295.7451794921875,17.09326215445144
-27.6007371045723,150.71484679315273,343.92999981445314,16.74258146248298
-27.6007371045723,151.00230768407096,379.3561074121094,16.526333295152995
-27.6007371045723,151.28976857498924,364.93912265625,16.631830507535724
-27.6007371045723,151.57722946590746,442.20899291015627,16.127546749665132
-27.6007371045723,151.8646903568257,519.1368796289063,15.624323733307289
-27.6007371045723,152.15215124774397,268.58982546679687,17.25256541097376
-27.6007371045723,152.4396121386622,123.0697928203125,18.202573181839647
-27.6007371045723,152.72707302958045,69.82278441796876,18.53333127977088
-27.313276213654053,145.83250322396313,236.57108510742188,17.466152425977054
-27.313276213654053,146.11547253846078,240.186758046875,17.438618705081595
-27.313276213654053,146.40293342937903,251.52059241210935,17.35535972534559
-27.313276213654053,146.6903943202973,250.53111158203126,17.379301555823933
-27.313276213654053,146.9778552112155,259.93305157226564,17.309213167159935
-27.313276213654053,147.26531610213377,271.33679976562496,17.235393009804007
-27.313276213654053,147.55277699305202,275.6685376171875,17.213512929780073
-27.313276213654053,147.84023788397025,283.77710271484375,17.155430091796777
-27.313276213654053,148.1276987748885,281.3194213378906,17.168883502865143
-27.313276213654053,148.41515966580675,268.3257803222656,17.257858489012296
-27.313276213654053,148.70262055672498,244.94440543945313,17.426502938190097
-27.313276213654053,148.99008144764326,266.77402213867185,17.26518870756861
-27.313276213654053,149.2775423385615,315.3805150683594,16.950087835027137
-27.313276213654053,149.56500322947971,308.1923128222656,17.005815037557895
-27.313276213654053,149.852464120398,288.41360505859376,17.11792560562511
-27.313276213654053,150.13992501131622,284.65307376953126,17.14132136548423
-27.313276213654053,150.42738590223448,315.06067799804686,16.951749604543945
-27.313276213654053,150.71484679315273,364.484169296875,16.628350131695964
-27.313276213654053,151.00230768407096,347.2005009570313,16.73647541275684
-27.313276213654053,151.28976857498924,347.2610626074219,16.745607307291493
-27.313276213654053,151.57722946590746,399.6799782714844,16.398897597918282
-27.313276213654053,151.8646903568257,524.9585894628906,15.5888085076938
-27.313276213654053,152.15215124774397,465.1326144628906,15.977578543680572
-27.313276213654053,152.4396121386622,130.57833707128907,18.159734839925456
-27.313276213654053,152.72707302958045,217.20830470703126,17.59460850927759
-27.025815322735802,145.83250322396313,251.92268224609376,17.3572663301754
-27.025815322735802,146.11547253846078,262.616407265625,17.29779502759559
-27.025815322735802,146.40293342937903,288.16438382812504,17.115273142707565
-27.025815322735802,146.6903943202973,313.0335078515625,16.96654912623439
-27.025815322735802,146.9778552112155,324.93102402343754,16.879732278319942
-27.025815322735802,147.26531610213377,315.18527914062497,16.944947275526566
-27.025815322735802,147.55277699305202,337.1964159765625,16.80831716701109
-27.025815322735802,147.84023788397025,339.4554408496094,16.790048525817205
-27.025815322735802,148.1276987748885,319.48441750976565,16.926403275157234
-27.025815322735802,148.41515966580675,321.1855002832031,16.898295404313917
-27.025815322735802,148.70262055672498,308.94357515625,16.986619285808057
-27.025815322735802,148.99008144764326,264.72146683593746,17.265839322517195
-27.025815322735802,149.2775423385615,263.02890696289063,17.293519890226285
-27.025815322735802,149.56500322947971,273.27546463867185,17.21856596391675
-27.025815322735802,149.852464120398,277.071614609375,17.200353306432355
-27.025815322735802,150.13992501131622,293.5978129394531,17.090582217748832
-27.025815322735802,150.42738590223448,326.2123924902344,16.887840144653335
-27.025815322735802,150.71484679315273,335.20296033203124,16.832216423689477
-27.025815322735802,151.00230768407096,331.12674236328127,16.84140882848242
-27.025815322735802,151.28976857498924,379.7201031738281,16.536499964377775
-27.025815322735802,151.57722946590746,530.5692194824219,15.55765423704417
-27.025815322735802,151.8646903568257,517.5691139257813,15.638012450286197
-27.025815322735802,152.15215124774397,347.666827671875,16.740401744225935
-27.025815322735802,152.4396121386622,159.89659891503905,17.9664488188449
-27.025815322735802,152.72707302958045,209.9840321435547,17.636579132487206
-26.738354431817555,145.83250322396313,276.46070858398434,17.19306760227651
-26.738354431817555,146.11547253846078,280.82337874999996,17.162560162688333
-26.738354431817555,146.40293342937903,317.4102917089844,16.93989691229087
-26.738354431817555,146.6903943202973,350.915290234375,16.72406379814712
-26.738354431817555,146.9778552112155,397.8113443261719,16.407576647432006
-26.738354431817555,147.26531610213377,372.8235449316406,16.57108766330919
-26.738354431817555,147.55277699305202,396.0993366992187,16.41103803343434
-26.738354431817555,147.84023788397025,369.94706796874993,16.595483703407837
-26.738354431817555,148.1276987748885,350.93290697265627,16.714604366544357
-26.738354431817555,148.41515966580675,359.6372781738281,16.657441352958983
-26.738354431817555,148.70262055672498,315.73045994140625,16.953287212296694
-26.738354431817555,148.99008144764326,302.96107693359374,17.028883248298392
-26.738354431817555,149.2775423385615,309.4329546875,16.987126882354623
-26.738354431817555,149.56500322947971,311.2594282910156,16.982420788391583
-26.738354431817555,149.852464120398,319.8159167675782,16.91486423183747
-26.738354431817555,150.13992501131622,313.76110193359375,16.96176177307678
-26.738354431817555,150.42738590223448,324.27948230468746,16.902823344719735
-26.738354431817555,150.71484679315273,317.56621556640624,16.942653166579657
-26.738354431817555,151.00230768407096,347.7803122167969,16.7419572431682
-26.738354431817555,151.28976857498924,457.83565963867187,16.023249327875273
-26.738354431817555,151.57722946590746,574.2437486035155,15.264701585283238
-26.738354431817555,151.8646903568257,449.53392842773434,16.07660489038703
-26.738354431817555,152.15215124774397,331.7222739794922,16.843339917154076
-26.738354431817555,152.4396121386622,406.9703913964844,16.356211322265544
-26.738354431817555,152.72707302958045,318.39206443652347,16.938408532443276
-26.45089354089931,145.83250322396313,307.9444186035156,17.005486523702658
-26.45089354089931,146.11547253846078,298.96899243164063,17.05308946737828
-26.45089354089931,146.40293342937903,338.6711322949219,16.790713459682962
-26.45089354089931,146.6903943202973,392.6913063867188,16.44748763928055
-26.45089354089931,146.9778552112155,408.53268170898434,16.335436981434505
-26.45089354089931,147.26531610213377,468.95259725585936,15.939761899705385
-26.45089354089931,147.55277699305202,459.98152763671874,16.019713325747396
-26.45089354089931,147.84023788397025,397.7806528710938,16.412334356553238
-26.45089354089931,148.1276987748885,387.81897605468754,16.48521335830126
-26.45089354089931,148.41515966580675,399.1135534179687,16.39909202506346
-26.45089354089931,148.70262055672498,344.6205008984375,16.751705762253238
-26.45089354089931,148.99008144764326,376.7131981542969,16.541166105478617
-26.45089354089931,149.2775423385615,371.1060634765625,16.590716918576266
-26.45089354089931,149.56500322947971,361.2536730175781,16.653317042258195
-26.45089354089931,149.852464120398,378.431198671875,16.53548072721431
-26.45089354089931,150.13992501131622,348.98639859375,16.72674526463699
-26.45089354089931,150.42738590223448,336.0996273925781,16.81295204140728
-26.45089354089931,150.71484679315273,358.56561767578125,16.6720434571916
-26.45089354089931,151.00230768407096,366.17689046875,16.629953937597925
-26.45089354089931,151.28976857498924,393.7924882910156,16.435839117424102
-26.45089354089931,151.57722946590746,429.47134440429693,16.209643474837797
-26.45089354089931,151.8646903568257,408.3980041113281,16.34477014995185
-26.45089354089931,152.15215124774397,407.46003045898436,16.34369165424719
-26.45089354089931,152.4396121386622,390.3865253076172,16.46034766085719
-26.45089354089931,152.72707302958045,155.35614657714845,17.986339836078024
-26.163432649981065,145.83250322396313,321.72375809570315,16.902915993838416
-26.163432649981065,146.11547253846078,321.02754669921876,16.91359653903764
-26.163432649981065,146.40293342937903,345.3996547265625,16.746012769088388
-26.163432649981065,146.6903943202973,421.03622653320315,16.266362856526868
-26.163432649981065,146.9778552112155,439.71245921875004,16.123233512634183
-26.163432649981065,147.26531610213377,527.9830518652343,15.565140079955237
-26.163432649981065,147.55277699305202,535.3974364648438,15.520514562726955
-26.163432649981065,147.84023788397025,432.03579983398436,16.18583607744289
-26.163432649981065,148.1276987748885,509.4598562890625,15.699611112356619
-26.163432649981065,148.41515966580675,447.8578514746094,16.097194593331242
-26.163432649981065,148.70262055672498,401.2449826855469,16.39254835573569
-26.163432649981065,148.99008144764326,364.8354702148438,16.633345837039872
-26.163432649981065,149.2775423385615,309.64418189453124,16.981341832165064
-26.163432649981065,149.56500322947971,307.8880425878906,17.000773684173133
-26.163432649981065,149.852464120398,285.6034941015625,17.147915923454608
-26.163432649981065,150.13992501131622,326.29170697265624,16.877229185294144
-26.163432649981065,150.42738590223448,345.7738437890625,16.75698869549154
-26.163432649981065,150.71484679315273,378.496249609375,16.535670827711293
-26.163432649981065,151.00230768407096,393.6431536621094,16.43759925390132
-26.163432649981065,151.28976857498924,349.14679352539065,16.736979548932155
-26.163432649981065,151.57722946590746,359.277280234375,16.66301073958001
-26.163432649981065,151.8646903568257,318.02438733398435,16.93270127230829
-26.163432649981065,152.15215124774397,279.2786514560547,17.179850582687994
-26.163432649981065,152.4396121386622,182.17819117871093,17.824112121463955
-26.163432649981065,152.72707302958045,114.42374152343751,18.266395448853572
-25.875971759062814,145.83250322396313,348.75475034179686,16.733383085722558
-25.875971759062814,146.11547253846078,348.2262267480469,16.737555832264686
-25.875971759062814,146.40293342937903,364.43118762695315,16.623000240496282
-25.875971759062814,146.6903943202973,391.4883179394531,16.45798379598967
-25.875971759062814,146.9778552112155,475.01353315429685,15.914067566971255
-25.875971759062814,147.26531610213377,563.2376176171874,15.35158753697679
-25.875971759062814,147.55277699305202,514.8059368261719,15.64361306269325
-25.875971759062814,147.84023788397025,438.64392215820317,16.149200661159977
-25.875971759062814,148.1276987748885,534.3135170898438,15.522334110301037
-25.875971759062814,148.41515966580675,487.9116720703125,15.828435525618588
-25.875971759062814,148.70262055672498,412.897586875,16.322528240748277
-25.875971759062814,148.99008144764326,377.71292741210937,16.55053433887366
-25.875971759062814,149.2775423385615,289.8948914746094,17.106504487616327
-25.875971759062814,149.56500322947971,242.5475423730469,17.428172534023638
-25.875971759062814,149.852464120398,240.64283068359373,17.441823180428727
-25.875971759062814,150.13992501131622,294.9440340917969,17.079464509388554
-25.875971759062814,150.42738590223448,364.2903113574219,16.630965734064457
-25.875971759062814,150.71484679315273,320.21964333007816,16.928057878900752
-25.875971759062814,151.00230768407096,306.9814727832031,17.00365892931484
-25.875971759062814,151.28976857498924,256.60613726562497,17.336487535944904
-25.875971759062814,151.57722946590746,285.7849086230469,17.145389665530317
-25.875971759062814,151.8646903568257,258.5444729003906,17.305583823558926
-25.875971759062814,152.15215124774397,260.33153382617184,17.30064841901764
-25.875971759062814,152.4396121386622,82.16636848535155,18.471810182523086
-25.875971759062814,152.72707302958045,62.32901838378906,18.58733524047475
-25.588510868144567,145.83250322396313,383.2919532421875,16.5101773386832
-25.588510868144567,146.11547253846078,359.09928578124993,16.668384621251946
-25.588510868144567,146.40293342937903,387.0905620996094,16.471814204801888
-25.588510868144567,146.6903943202973,424.83030302734375,16.231009519443212
-25.588510868144567,146.9778552112155,472.10994879882816,15.941336382078429
-25.588510868144567,147.26531610213377,532.7507371875,15.534504149447034
-25.588510868144567,147.55277699305202,542.3244406835937,15.470871647607368
-25.588510868144567,147.84023788397025,530.0574701367187,15.551572156706193
-25.588510868144567,148.1276987748885,496.35990521484376,15.778546582619375
-25.588510868144567,148.41515966580675,508.49575436523435,15.68498982201683
-25.588510868144567,148.70262055672498,476.11314649414066,15.906914289430778
-25.588510868144567,148.99008144764326,445.32514822265625,16.108403999581988
-25.588510868144567,149.2775423385615,326.83264057617185,16.874433045941558
-25.588510868144567,149.56500322947971,250.43409970703124,17.361463346949535
-25.588510868144567,149.852464120398,220.37617062500001,17.576698316203924
-25.588510868144567,150.13992501131622,246.7733002246094,17.39890412724458
-25.588510868144567,150.42738590223448,368.9824411914063,16.606986969510473
-25.588510868144567,150.71484679315273,326.9045249023438,16.872681398946888
-25.588510868144567,151.00230768407096,216.6928651171875,17.599671902754075
-25.588510868144567,151.28976857498924,184.0489838613281,17.804766835522862
-25.588510868144567,151.57722946590746,175.85316510449218,17.87644476549973
-25.588510868144567,151.8646903568257,215.6814671279297,17.598895420000538
-25.588510868144567,152.15215124774397,181.61595511425782,17.82203182769743
-25.588510868144567,152.4396121386622,75.04913667578126,18.511608001200972
-25.588510868144567,152.72707302958045,19.294230568354493,18.88552604945795
-25.301049977226324,145.83250322396313,393.7343161621094,16.440496814460246
-25.301049977226324,146.11547253846078,380.34127204101566,16.54493554640227
-25.301049977226324,146.40293342937903,422.8250810644531,16.260234157497557
-25.301049977226324,146.6903943202973,479.4668653710937,15.880685978856427
-25.301049977226324,146.9778552112155,520.7114764160157,15.613004291004371
-25.301049977226324,147.26531610213377,557.7961164355469,15.384328823920137
-25.301049977226324,147.55277699305202,649.0761713867188,14.789099005951675
-25.301049977226324,147.84023788397025,642.6670742382813,14.81526538997101
-25.301049977226324,148.1276987748885,580.5846631542969,15.220733008685468
-25.301049977226324,148.41515966580675,592.5705536328126,15.152131395768029
-25.301049977226324,148.70262055672498,440.0425339941406,16.13157406329187
-25.301049977226324,148.99008144764326,509.69881216796875,15.682550598867941
-25.301049977226324,149.2775423385615,392.45366784179686,16.44147514420228
-25.301049977226324,149.56500322947971,291.9316117089844,17.1081388801491
-25.301049977226324,149.852464120398,288.04528546875,17.134377978779987
-25.301049977226324,150.13992501131622,253.22978565429688,17.3475170828315
-25.301049977226324,150.42738590223448,385.04323176757816,16.495086611239856
-25.301049977226324,150.71484679315273,374.89373483398435,16.562934596774966
-25.301049977226324,151.00230768407096,246.53549915039065,17.394518593562708
-25.301049977226324,151.28976857498924,267.3970078222656,17.27028297049091
-25.301049977226324,151.57722946590746,224.32185238183592,17.534960632917322
-25.301049977226324,151.8646903568257,120.24882903027343,18.22313340901457
-25.301049977226324,152.15215124774397,110.85959525683595,18.282991432768412
-25.301049977226324,152.4396121386622,36.04056453388672,18.765916807698535
-25.301049977226324,152.72707302958045,11.422396009576415,18.932617896615838
-25.01358908630808,145.83250322396313,405.45154243164063,16.362941712165835
-25.01358908630808,146.11547253846078,419.4746472363281,16.27800710394402
-25.01358908630808,146.40293342937903,447.47112319335935,16.094103194002887
-25.01358908630808,146.6903943202973,532.3768387695313,15.532614916779625
-25.01358908630808,146.9778552112155,575.3430455078126,15.267943961594803
-25.01358908630808,147.26531610213377,591.7815475,15.151218931251218
-25.01358908630808,147.55277699305202,717.1144318066406,14.340761041207276
-25.01358908630808,147.84023788397025,785.8293073730468,13.884907747210423
-25.01358908630808,148.1276987748885,817.1310848828125,13.69095435553179
-25.01358908630808,148.41515966580675,358.0996036816406,16.67750052182734
-25.01358908630808,148.70262055672498,304.20665234374997,17.016186033436853
-25.01358908630808,148.99008144764326,425.82564223632806,16.240202023564336
-25.01358908630808,149.2775423385615,391.0425313769531,16.45775600977711
-25.01358908630808,149.56500322947971,346.8656250976562,16.73257042489964
-25.01358908630808,149.852464120398,253.45832294921874,17.339317207847664
-25.01358908630808,150.13992501131622,188.6014834863281,17.778162904372365
-25.01358908630808,150.42738590223448,375.47312226562497,16.57026595521109
-25.01358908630808,150.71484679315273,351.95725223632815,16.710745415615275
-25.01358908630808,151.00230768407096,308.9618809960937,16.999109838724774
-25.01358908630808,151.28976857498924,302.4027462304688,17.030869891753575
-25.01358908630808,151.57722946590746,326.56859530664065,16.87766564533883
-25.01358908630808,151.8646903568257,123.20972397558593,18.201626928423696
-25.01358908630808,152.15215124774397,55.61773233115234,18.638590022324394
-25.01358908630808,152.4396121386622,16.289382458877345,18.88482300276924
-25.01358908630808,152.72707302958045,0.016442275518554688,19.00918072080609
-24.726128195389833,145.83250322396313,362.8709487890625,16.64100134822292
-24.726128195389833,146.11547253846078,392.47066325195317,16.445712532992694
-24.726128195389833,146.40293342937903,487.8297885644531,15.82133856553131
-24.726128195389833,146.6903943202973,570.3556604394532,15.291025640229346
-24.726128195389833,146.9778552112155,529.0431045605469,15.565014976292158
-24.726128195389833,147.26531610213377,460.61829349609377,16.005292605948114
-24.726128195389833,147.55277699305202,547.429163984375,15.450486461849444
-24.726128195389833,147.84023788397025,785.9531042285156,13.89349386570404
-24.726128195389833,148.1276987748885,575.4555759179688,15.260191498982486
-24.726128195389833,148.41515966580675,297.5509837988281,17.062750868766276
-24.726128195389833,148.70262055672498,262.89358538085935,17.294827888159887
-24.726128195389833,148.99008144764326,358.52733838867186,16.66568450430188
-24.726128195389833,149.2775423385615,186.95356130859375,17.78544734809347
-24.726128195389833,149.56500322947971,191.29757881640626,17.754280680081855
-24.726128195389833,149.852464120398,144.44172283984375,18.06078976131007
-24.726128195389833,150.13992501131622,197.1530664814453,17.719051051501715
-24.726128195389833,150.42738590223448,348.26529598632817,16.733243145962057
-24.726128195389833,150.71484679315273,391.2159339257812,16.46692811575973
-24.726128195389833,151.00230768407096,401.84281819335934,16.394511159850378
-24.726128195389833,151.28976857498924,359.0323844628906,16.66177038487695
-24.726128195389833,151.57722946590746,211.14946404882812,17.63440294591946
-24.726128195389833,151.8646903568257,81.60960489589844,18.47154888311636
-24.726128195389833,152.15215124774397,20.520416297496386,18.86177940636612
-24.726128195389833,152.4396121386622,2.245205248826367,18.97842669467477
-24.726128195389833,152.72707302958045,0.0,19.005353216509718
-24.43866730447158,145.83250322396313,352.5622349707031,16.70775368343281
-24.43866730447158,146.11547253846078,461.24953100585935,15.998744719463426
-24.43866730447158,146.40293342937903,506.3890119921874,15.711964924552198
-24.43866730447158,146.6903943202973,521.5942289453125,15.601150268054123
-24.43866730447158,146.9778552112155,429.2633609667969,16.21316287958667
-24.43866730447158,147.26531610213377,363.004000703125,16.630201677589213
-24.43866730447158,147.55277699305202,372.43799502929687,16.575985377399434
-24.43866730447158,147.84023788397025,395.0490437304687,16.431501188534135
-24.43866730447158,148.1276987748885,394.2429365234375,16.43585871319003
-24.43866730447158,148.41515966580675,251.81535397460937,17.360893009209676
-24.43866730447158,148.70262055672498,232.20258208984376,17.509602471164875
-24.43866730447158,148.99008144764326,326.17037776367187,16.877330960631106
-24.43866730447158,149.2775423385615,185.76432225585938,17.78596665333838
-24.43866730447158,149.56500322947971,132.98596972265625,18.128484791787695
-24.43866730447158,149.852464120398,113.89706976855469,18.254524836779673
-24.43866730447158,150.13992501131622,182.96913667578127,17.823113107909304
-24.43866730447158,150.42738590223448,234.33454564453123,17.49278373601036
-24.43866730447158,150.71484679315273,323.22744485351564,16.894092852280135
-24.43866730447158,151.00230768407096,512.087245546875,15.666611334175915
-24.43866730447158,151.28976857498924,243.2827751269531,17.42717260162132
-24.43866730447158,151.57722946590746,147.8295521064453,18.032490733144073
-24.43866730447158,151.8646903568257,31.577595932228554,18.789919370365606
-24.43866730447158,152.15215124774397,0.6746108194448242,18.99593455780122
-24.43866730447158,152.4396121386622,0.0,19.00192382145811
-24.43866730447158,152.72707302958045,0.0,19.00301411578124
-24.151206413553332,145.83250322396313,372.5668272949219,16.580294858759977
-24.151206413553332,146.11547253846078,482.1860682421875,15.861513518564088
-24.151206413553332,146.40293342937903,479.6052742675781,15.882194329066948
-24.151206413553332,146.6903943202973,465.1869160253906,15.974744467406056
-24.151206413553332,146.9778552112155,491.41599276367185,15.802915824310578
-24.151206413553332,147.26531610213377,393.372178203125,16.44527945316871
-24.151206413553332,147.55277699305202,311.77144491210936,16.973951123505294
-24.151206413553332,147.84023788397025,304.41038385742183,17.02154764153418
-24.151206413553332,148.1276987748885,347.87831115234377,16.75355898318859
-24.151206413553332,148.41515966580675,211.68692427734373,17.61718340197932
-24.151206413553332,148.70262055672498,221.37849422851562,17.55272942974149
-24.151206413553332,148.99008144764326,362.43373986328123,16.6444730172213
-24.151206413553332,149.2775423385615,225.50877331054687,17.524250340578966
-24.151206413553332,149.56500322947971,169.75134937695316,17.909997947132695
-24.151206413553332,149.852464120398,104.77979669335937,18.31711718045616
-24.151206413553332,150.13992501131622,155.2803818623047,17.993617462507377
-24.151206413553332,150.42738590223448,196.78038939160157,17.725175765302804
-24.151206413553332,150.71484679315273,313.59923608789063,16.957610656618627
-24.151206413553332,151.00230768407096,149.9726599169922,18.020942620233836
-24.151206413553332,151.28976857498924,108.97983861010351,18.296303208452272
-24.151206413553332,151.57722946590746,55.33445717381634,18.636089822368763
-24.151206413553332,151.8646903568257,13.365145618683712,18.904147272112393
-24.151206413553332,152.15215124774397,0.0,18.996938721401342
-24.151206413553332,152.4396121386622,0.0,19.004778333049288
-24.151206413553332,152.72707302958045,0.0016552239951171876,18.99813629475483
-23.863745522635085,145.83250322396313,378.5674027050781,16.53472252114758
-23.863745522635085,146.11547253846078,428.9944200195313,16.202152415733757
-23.863745522635085,146.40293342937903,435.8821295214844,16.173052358051933
-23.863745522635085,146.6903943202973,410.50758705078124,16.32038370573669
-23.863745522635085,146.9778552112155,420.6093290722656,16.27272973041712
-23.863745522635085,147.26531610213377,418.4540590332031,16.281545723099512
-23.863745522635085,147.55277699305202,272.53169507812504,17.225487054826054
-23.863745522635085,147.84023788397025,270.0570619042969,17.240564544817925
-23.863745522635085,148.1276987748885,243.58263478515624,17.407350298517372
-23.863745522635085,148.41515966580675,180.57325234375,17.82912476360422
-23.863745522635085,148.70262055672498,252.06894643554688,17.36814883250956
-23.863745522635085,148.99008144764326,464.692246875,15.968281043503445
-23.863745522635085,149.2775423385615,265.51020870117185,17.267658333849013
-23.863745522635085,149.56500322947971,131.55254248535158,18.13810575617567
-23.863745522635085,149.852464120398,113.40658221386718,18.26830414290263
-23.863745522635085,150.13992501131622,170.62961257617187,17.884668712976925
-23.863745522635085,150.42738590223448,251.5792388095703,17.364650336674487
-23.863745522635085,150.71484679315273,181.66633093710936,17.824501376634792
-23.863745522635085,151.00230768407096,69.63052683269532,18.5456114680731
-23.863745522635085,151.28976857498924,16.35448281939543,18.892086843092617
-23.863745522635085,151.57722946590746,0.23344984591601564,19.002915004505404
-23.863745522635085,151.8646903568257,0.0,19.01184759057271
-23.863745522635085,152.15215124774397,0.0,19.205190006828953
-23.863745522635085,152.4396121386622,0.0,18.694613400376372
-23.863745522635085,152.72707302958045,0.0,19.279131240906292
-23.57628463171684,145.83250322396313,354.19026291992185,16.698218613990974
-23.57628463171684,146.11547253846078,368.1436734472656,16.610177374747384
-23.57628463171684,146.40293342937903,388.5617968847656,16.47389897058403
-23.57628463171684,146.6903943202973,359.99381880859374,16.667201064099444
-23.57628463171684,146.9778552112155,388.61297119140625,16.48230707844752
-23.57628463171684,147.26531610213377,518.4912637890625,15.635384592892809
-23.57628463171684,147.55277699305202,293.5322738183594,17.094522362867913
-23.57628463171684,147.84023788397025,232.34862763671873,17.480807858459293
-23.57628463171684,148.1276987748885,198.1880103515625,17.72095123453761
-23.57628463171684,148.41515966580675,172.32730893554685,17.88109292521161
-23.57628463171684,148.70262055672498,193.88915731445312,17.750047048361093
-23.57628463171684,148.99008144764326,207.671473515625,17.64895903872295
-23.57628463171684,149.2775423385615,126.12744633984374,18.18500785276887
-23.57628463171684,149.56500322947971,104.12139336914063,18.317913764066272
-23.57628463171684,149.852464120398,91.10105774609376,18.40457443908435
-23.57628463171684,150.13992501131622,153.68058136425782,18.00585413030641
-23.57628463171684,150.42738590223448,155.86096058447268,17.989556230336866
-23.57628463171684,150.71484679315273,9.97040801792578,18.93136813017947
-23.57628463171684,151.00230768407096,12.530159987058397,18.921510103342435
-23.57628463171684,151.28976857498924,5.460446259392089,18.958240066903073
-23.57628463171684,151.57722946590746,0.00312430673828125,19.00451629852455
-23.57628463171684,151.8646903568257,0.00293533443125,19.001920780241818
-23.57628463171684,152.15215124774397,0.0,19.030450275140833
-23.57628463171684,152.4396121386622,0.0,19.080738370570316
-23.57628463171684,152.72707302958045,0.0,19.218205119451824
